kind,frame,mae,rmse,max_abs,max_x,max_y,ref_scale,pct_diff,pct_gt1,psnr_db,status
frame,0,0.000000e+00,0.000000e+00,0.000000e+00,0,0,,0.000000,0.000000,inf,PASS
frame,1,0.000000e+00,0.000000e+00,0.000000e+00,0,0,,0.000000,0.000000,inf,PASS
frame,10,0.000000e+00,0.000000e+00,0.000000e+00,0,0,,0.000000,0.000000,inf,PASS
frame,100,3.906250e-05,6.250000e-03,1.000000e+00,305,265,,0.003906,0.000000,92.2132,PASS
frame,300,1.611328e-04,1.269381e-02,1.000000e+00,315,191,,0.016113,0.000000,86.0590,PASS
frame,600,2.661133e-04,1.631298e-02,1.000000e+00,199,63,,0.026611,0.000000,83.8801,PASS
frame,899,3.442383e-04,1.855366e-02,1.000000e+00,400,4,,0.034424,0.000000,82.7622,PASS
height,0,2.146635e-12,4.226373e-10,1.192093e-07,305,327,2.338846e+00,,,,PASS
height,1,4.391309e-12,7.288903e-10,2.384186e-07,305,327,3.667509e+00,,,,PASS
height,10,4.097970e-10,1.779857e-08,2.861023e-06,307,300,1.488240e+01,,,,PASS
height,100,2.384699e-07,1.754901e-06,5.912781e-05,314,311,2.104201e+01,,,,PASS
height,300,9.498626e-07,2.827315e-06,3.051758e-05,319,380,6.387414e+00,,,,PASS
height,600,2.312205e-06,3.744133e-06,1.978874e-05,307,375,1.972773e+00,,,,PASS
height,899,4.424394e-06,5.600117e-06,1.728535e-05,300,252,1.198483e+00,,,,PASS
